{
  "enabled": true,
  "context": "client",
  "identifier": "com.pa.realmmods.ui",
  "display_name": "The Realm Community UI mod",
  "build": "76557",
  "date": "2015/1/1",
  "description": "Adds strategic icons for the Realm Community Rebalance mod.",
  "category": [
        "in-game",
        "client-mod",
    "Strategic-icons"
    ],
  "author": "KNight, Liquius, Nanolathe, YourlocalmadSci and Zwiestein000",
  "version": "prerelease 4",
  "signature": "(not yet implemented)",
  "forum": "https://forums.uberent.com/threads/wip-the-realm-community-balance-mod.58942/",
  "icon": "http://i.imgur.com/uxzLVtB.png",
  "priority": 100
}