{
  "enabled": true,
  "context": "client",
  "identifier": "com.pa.realmmods.ui.vanilla",
  "display_name": "The Realm Community UI mod for Vanilla",
  "build": "76557",
  "date": "2/1/2015",
  "description": "Adds strategic icons from the Realm Community Rebalance mod to Vanilla units.",
  "category": [
        "in-game",
        "client-mod",
    "Strategic-icons"
    ],
  "author": "KNight, Liquius, Nanolathe, YourlocalmadSci and Zwiestein000",
  "version": "First, last and only",
  "signature": "(not yet implemented)",
  "forum": "https://forums.uberent.com/threads/wip-the-realm-community-balance-mod.58942/",
  "icon": "http://i.imgur.com/uxzLVtB.png",
  "priority": 100
}